"sujeto";"predicado";"objeto"
"chemical processes";"take";"place"
"chemical processes";"also take";"place"
"chemical processes";"take place in";"interstitial fluid"
"chemical processes";"also take place inside";"cell"
"chemical processes";"also take place in";"interstitial fluid"
"conditions";"vary with";"organism"
"chemical processes";"take place in";"interstitial fluid"
"chemical processes";"take place inside";"cell"
"chemical processes";"also take place in";"interstitial fluid"
"best - known homeostatic mechanisms";"be";"regulators"
"best - known homeostatic mechanisms";"be";"regulators"
"best - known homeostatic mechanisms";"be in";"humans"
"best - known homeostatic mechanisms";"be";"regulators"
"best - known homeostatic mechanisms";"be";"regulators"
"human physiology , control other entities";"be in";"body"
"great many other homeostatic mechanisms";"entity in";"body"
"levels of variables";"be prefix with";"hyper -"
"levels";"be high than";"that"
"levels of variables";"be often prefix with";"hyperthermia and hypothermia"
"levels";"be high than";"that need"
"levels of variables";"be often prefix with";"hyperthermia and hypothermia"
"levels";"be";"where high than that"
"levels of variables";"be prefix with";"hyper -"
"levels of variables";"be";"often prefix"
"levels of variables";"be prefix with";"hyperthermia and hypothermia"
"levels of variables";"be often prefix with";"hyper -"
"levels of variables";"be";"prefix"
"levels";"be";"where high than that need"
"levels";"be";"where high"
"levels";"be";"high"
"levels of variables";"be prefix with";"hyperthermia and hypothermia"
"levels of variables";"be often prefix with";"hyper -"
"metabolic processes of all organisms";"can take place in";"very specific physical and chemical environments"
"metabolic processes of all organisms";"can take place in";"specific physical and chemical environments"
"metabolic processes of all organisms";"can only take place in";"specific physical and chemical environments"
"metabolic processes of all organisms";"can only take place in";"very specific physical and chemical environments"
"metabolic processes of all organisms";"can take";"place"
"metabolic processes of all organisms";"can only take";"place"
"chemical processes";"take";"place inside the cell"
"chemical processes";"also take";"place inside the cell"
"know homeostatic mechanism";"be in";"humans and other mammals"
"great many other homeostatic mechanisms";"entity in";"body"
"levels of variables";"be high than";"that"
"the levels of variables";"be prefix with";"with respectively hyperthermia and hypothermia or hypertension and hypotension"
"the levels of variables";"be prefix with";"with hyper respectively hyperthermia and hypothermia or hypertension and hypotension"
"the levels of variables";"be often prefix with";"with respectively hyperthermia and hypothermia or hypertension and hypotension"
"levels of variables";"be";"where high"
"the levels of variables";"be often prefix with";"with hyper respectively hyperthermia and hypothermia or hypertension and hypotension"
"the levels of variables";"be prefix with";"with hyper hyperthermia and hypothermia or hypertension and hypotension"
"levels of variables";"be";"where high than that need"
"the levels of variables";"be prefix with";"with hyperthermia and hypothermia or hypertension and hypotension"
"the levels of variables";"be often prefix with";"with hyperthermia and hypothermia or hypertension and hypotension"
"levels of variables";"be";"high"
"levels of variables";"be high than";"that need"
"the levels of variables";"be often prefix with";"with hyper hyperthermia and hypothermia or hypertension and hypotension"
"levels of variables";"be";"where high than that"
